<?xml version="1.0" encoding="UTF-8"?>

<module version="1.0">
  <id>12</id>
  <name>thirdlogin</name>
  <package>org.giiwa.thirdlogin.web</package>
  <screenshot>/images/thirdlogin_screenshot.png</screenshot>
  <version>1.0.1</version>
  <build>0</build>
  <enabled>true</enabled>
  <readme>thirdlogin module</readme>
  <listener>
    <class>org.giiwa.thirdlogin.web.ThirdloginListener</class>
  </listener>
  <setting>
    <!--TODO, remove it, please refer module.get(d1)-->
    <param name="d1" value="1"/>
  </setting>
  <filter>
    <!--TODO, remove it, please refer web.IFilter-->
    <pattern>/user/login</pattern>
    <class>org.giiwa.demo.web.UserFilter</class>
  </filter>
  <depends>
    <!--TODO, remove it-->
    <module name="default" version="1.1"/>
    <jar url="http://giiwa.org/aaa_1.1.jar"/>
  </depends>
</module>
